id|name
Q150599|name
Q61589393|name
Q2058139|name
Q34464|name
Q1383646|name
Q52938|name
Q233496|name
Q181915|name
Q633501|name
Q604434|name
Q313494|name
Q691678|name
Q318091|name
Q1965530|name
Q16863793|name
Q78801|name
Q695234|name
Q86740|name
Q71428|name
Q529521|name
Q1287850|name
Q697998|name
Q506533|name
Q441405|name
Q3340936|name
Q152157|name
Q322629|name
Q283909|name
Q114749|name
Q1587522|name
Q933477|name
Q1113636|name
Q1733550|name
Q1533896|name
Q72586|name
Q479945|name
Q23141047|name
Q2895986|name
Q737533|name
Q2756881|name
Q166623|name
Q2542932|name
Q547017|name
Q366652|name
Q151209|name
Q387663|name
Q172056|name
Q164062|name
Q29|name
Q615673|name
Q312297|name
Q689523|name
Q55191200|name
Q708618|name
Q40746|name
Q153545|name
Q2620087|name
Q351856|name
Q311452|name
Q848615|name
Q81506|name
Q426677|name
Q635315|name
Q112066|name
Q2591874|name
Q1554560|name
Q1819919|name
Q1356781|name
Q826402|name
Q302942|name
Q368929|name
Q874587|name
Q79972|name
Q158248|name
